year,co2,ch4,temp
1936,307.25859856593024,907.0,-54.47
1936,306.3197983876916,907.0,-54.47
1936,309.3446868650601,907.0,-54.47
